<?xml version='1.0' encoding='UTF-8'?>

<server xmlns="urn:jboss:domain:1.8">

    <extensions>
        <extension module="org.jboss.as.clustering.infinispan"/>
        <extension module="org.jboss.as.clustering.jgroups"/>
        <extension module="org.jboss.as.connector"/>
        <extension module="org.jboss.as.deployment-scanner"/>
        <extension module="org.jboss.as.ee"/>
        <extension module="org.jboss.as.ejb3"/>
        <extension module="org.jboss.as.jaxrs"/>
        <extension module="org.jboss.as.jdr"/>
        <extension module="org.jboss.as.jmx"/>
        <extension module="org.jboss.as.jpa"/>
        <extension module="org.jboss.as.jsf"/>
        <extension module="org.jboss.as.logging"/>
        <extension module="org.jboss.as.mail"/>
        <extension module="org.jboss.as.modcluster"/>
        <extension module="org.jboss.as.naming"/>
        <extension module="org.jboss.as.pojo"/>
        <extension module="org.jboss.as.remoting"/>
        <extension module="org.jboss.as.sar"/>
        <extension module="org.jboss.as.security"/>
        <extension module="org.jboss.as.threads"/>
        <extension module="org.jboss.as.transactions"/>
        <extension module="org.jboss.as.web"/>
        <extension module="org.jboss.as.webservices"/>
        <extension module="org.jboss.as.weld"/>
    </extensions>


    <management>
        <security-realms>
            <security-realm name="ManagementRealm">
                <authentication>
                    <local default-user="$local" skip-group-loading="true"/>
                    <properties path="mgmt-users.properties" relative-to="jboss.server.config.dir"/>
                </authentication>
                <authorization map-groups-to-roles="false">
                    <properties path="mgmt-groups.properties" relative-to="jboss.server.config.dir"/>
                </authorization>
            </security-realm>
            <security-realm name="ApplicationRealm">
                <authentication>
                    <local default-user="$local" allowed-users="*" skip-group-loading="true"/>
                    <properties path="application-users.properties" relative-to="jboss.server.config.dir"/>
                </authentication>
                <authorization>
                    <properties path="application-roles.properties" relative-to="jboss.server.config.dir"/>
                </authorization>
            </security-realm>
        </security-realms>
        <audit-log>
            <formatters>
                <json-formatter name="json-formatter"/>
            </formatters>
            <handlers>
                <file-handler name="file" formatter="json-formatter" path="audit-log.log" relative-to="jboss.server.data.dir"/>
            </handlers>
            <logger log-boot="true" log-read-only="false" enabled="false">
                <handlers>
                    <handler name="file"/>
                </handlers>
            </logger>
        </audit-log>
        <management-interfaces>
            <native-interface security-realm="ManagementRealm">
                <socket-binding native="management-native"/>
            </native-interface>
            <http-interface security-realm="ManagementRealm">
                <socket-binding http="management-http"/>
            </http-interface>
        </management-interfaces>
        <access-control provider="simple">
            <role-mapping>
                <role name="SuperUser">
                    <include>
                        <user name="$local"/>
                    </include>
                </role>
            </role-mapping>
        </access-control>
    </management>

    <profile>
        <subsystem xmlns="urn:jboss:domain:logging:1.5">
            <console-handler name="CONSOLE">
                <level name="INFO"/>
                <formatter>
                    <named-formatter name="COLOR-PATTERN"/>
                </formatter>
            </console-handler>
            <periodic-rotating-file-handler name="FILE" autoflush="true">
                <formatter>
                    <named-formatter name="PATTERN"/>
                </formatter>
                <file relative-to="jboss.server.log.dir" path="server.log"/>
                <suffix value=".yyyy-MM-dd"/>
                <append value="true"/>
            </periodic-rotating-file-handler>
            <logger category="com.arjuna">
                <level name="WARN"/>
            </logger>
            <logger category="org.apache.tomcat.util.modeler">
                <level name="WARN"/>
            </logger>
            <logger category="org.jboss.as.config">
                <level name="DEBUG"/>
            </logger>
            <logger category="sun.rmi">
                <level name="WARN"/>
            </logger>
            <logger category="jacorb">
                <level name="WARN"/>
            </logger>
            <logger category="jacorb.config">
                <level name="ERROR"/>
            </logger>
            <root-logger>
                <level name="INFO"/>
                <handlers>
                    <handler name="CONSOLE"/>
                    <handler name="FILE"/>
                </handlers>
            </root-logger>
            <formatter name="PATTERN">
                <pattern-formatter pattern="%d{HH:mm:ss,SSS} %-5p [%c] (%t) %s%E%n"/>
            </formatter>
            <formatter name="COLOR-PATTERN">
                <pattern-formatter pattern="%K{level}%d{HH:mm:ss,SSS} %-5p [%c] (%t) %s%E%n"/>
            </formatter>
        </subsystem>
        <subsystem xmlns="urn:jboss:domain:datasources:1.2">
            <datasources>
                 <datasource jndi-name="java:/WEDORANG" pool-name="WEDORANG" enabled="true" statistics-enabled="true">
                    <connection-url>jdbc:cubrid:DT-BM-DB01:35000:WEDORANG:::?charset=UTF-8</connection-url>
                    <driver>cubrid</driver>
                    <pool>
                        <min-pool-size>35</min-pool-size>
                        <max-pool-size>35</max-pool-size>
                        <prefill>false</prefill>
                        <use-strict-min>true</use-strict-min>
                    </pool>
                    <security>
                        <user-name>wedorang</user-name>
                        <password>wedo#123</password>
                    </security>
                    <validation>
                        <check-valid-connection-sql>select 1</check-valid-connection-sql>
                        <validate-on-match>false</validate-on-match>
                    </validation>
                    <timeout>
                        <idle-timeout-minutes>15</idle-timeout-minutes>
                        <query-timeout>30</query-timeout>
                    </timeout>
                    <statement>
                        <prepared-statement-cache-size>20</prepared-statement-cache-size>
                        <share-prepared-statements>true</share-prepared-statements>
                    </statement>
                </datasource>
                <datasource jndi-name="java:/WEDORANGRD" pool-name="WEDORANGRD" enabled="true" statistics-enabled="true">
                    <connection-url>jdbc:cubrid:DT-BM-DB02:38000:WEDORANG:::?charset=UTF-8</connection-url>
                    <driver>cubrid</driver>
                    <pool>
                        <min-pool-size>35</min-pool-size>
                        <max-pool-size>35</max-pool-size>
                        <prefill>false</prefill>
                        <use-strict-min>true</use-strict-min>
                    </pool>
                    <security>
                        <user-name>wedorang</user-name>
                        <password>wedo#123</password>
                    </security>
                    <validation>
                        <check-valid-connection-sql>select 1</check-valid-connection-sql>
                        <validate-on-match>false</validate-on-match>
                    </validation>
                    <timeout>
                        <idle-timeout-minutes>15</idle-timeout-minutes>
                        <query-timeout>30</query-timeout>
                    </timeout>
                    <statement>
                        <prepared-statement-cache-size>20</prepared-statement-cache-size>
                        <share-prepared-statements>true</share-prepared-statements>
                    </statement>
                </datasource>
                <datasource jndi-name="java:/WEDORANG1" pool-name="WEDORANG1" enabled="true" statistics-enabled="true">
                    <connection-url>jdbc:cubrid:dt-rang-a-db01:35000:WEDORANG:::?charset=UTF-8</connection-url>
                    <driver>cubrid</driver>
                    <pool>
                        <min-pool-size>35</min-pool-size>
                        <max-pool-size>35</max-pool-size>
                        <prefill>false</prefill>
                        <use-strict-min>true</use-strict-min>
                    </pool>
                    <security>
                        <user-name>wedorang</user-name>
                        <password>wedo#123</password>
                    </security>
                    <validation>
                        <check-valid-connection-sql>select 1</check-valid-connection-sql>
                        <validate-on-match>false</validate-on-match>
                    </validation>
                    <timeout>
                        <idle-timeout-minutes>15</idle-timeout-minutes>
                        <query-timeout>30</query-timeout>
                    </timeout>
                    <statement>
                        <prepared-statement-cache-size>20</prepared-statement-cache-size>
                        <share-prepared-statements>true</share-prepared-statements>
                    </statement>
                </datasource>
                <datasource jndi-name="java:/WEDORANGRD1" pool-name="WEDORANGRD1" enabled="true" statistics-enabled="true">
                    <connection-url>jdbc:cubrid:dt-rang-a-db02:38000:WEDORANG:::?charset=UTF-8</connection-url>
                    <driver>cubrid</driver>
                    <pool>
                        <min-pool-size>35</min-pool-size>
                        <max-pool-size>35</max-pool-size>
                        <prefill>false</prefill>
                        <use-strict-min>true</use-strict-min>
                    </pool>
                    <security>
                        <user-name>wedorang</user-name>
                        <password>wedo#123</password>
                    </security>
                    <validation>
                        <check-valid-connection-sql>select 1</check-valid-connection-sql>
                        <validate-on-match>false</validate-on-match>
                    </validation>
                    <timeout>
                        <idle-timeout-minutes>15</idle-timeout-minutes>
                        <query-timeout>30</query-timeout>
                    </timeout>
                    <statement>
                        <prepared-statement-cache-size>20</prepared-statement-cache-size>
                        <share-prepared-statements>true</share-prepared-statements>
                    </statement>
                </datasource>
                <datasource jndi-name="java:/WEDORANG2" pool-name="WEDORANG2" enabled="true" statistics-enabled="true">
                    <connection-url>jdbc:cubrid:dt-rang-b-db01:35000:WEDORANG:::?charset=UTF-8</connection-url>
                    <driver>cubrid</driver>
                    <pool>
                        <min-pool-size>35</min-pool-size>
                        <max-pool-size>35</max-pool-size>
                        <prefill>false</prefill>
                        <use-strict-min>true</use-strict-min>
                    </pool>
                    <security>
                        <user-name>wedorang</user-name>
                        <password>wedo#123</password>
                    </security>
                    <validation>
                        <check-valid-connection-sql>select 1</check-valid-connection-sql>
                        <validate-on-match>false</validate-on-match>
                    </validation>
                    <timeout>
                        <idle-timeout-minutes>15</idle-timeout-minutes>
                        <query-timeout>30</query-timeout>
                    </timeout>
                    <statement>
                        <prepared-statement-cache-size>20</prepared-statement-cache-size>
                        <share-prepared-statements>true</share-prepared-statements>
                    </statement>
                </datasource>
                <datasource jndi-name="java:/WEDORANGRD2" pool-name="WEDORANGRD2" enabled="true" statistics-enabled="true">
                    <connection-url>jdbc:cubrid:dt-rang-b-db02:38000:WEDORANG:::?charset=UTF-8</connection-url>
                    <driver>cubrid</driver>
                    <pool>
                        <min-pool-size>35</min-pool-size>
                        <max-pool-size>35</max-pool-size>
                        <prefill>false</prefill>
                        <use-strict-min>true</use-strict-min>
                    </pool>
                    <security>
                        <user-name>wedorang</user-name>
                        <password>wedo#123</password>
                    </security>
                    <validation>
                        <check-valid-connection-sql>select 1</check-valid-connection-sql>
                        <validate-on-match>false</validate-on-match>
                    </validation>
                    <timeout>
                        <idle-timeout-minutes>15</idle-timeout-minutes>
                        <query-timeout>30</query-timeout>
                    </timeout>
                    <statement>
                        <prepared-statement-cache-size>20</prepared-statement-cache-size>
                        <share-prepared-statements>true</share-prepared-statements>
                    </statement>
                </datasource>
                <datasource jndi-name="java:/WEDORANG3" pool-name="WEDORANG3" enabled="true" statistics-enabled="true">
                    <connection-url>jdbc:cubrid:dt-rang-c-db01:35000:WEDORANG:::?charset=UTF-8</connection-url>
                    <driver>cubrid</driver>
                    <pool>
                        <min-pool-size>35</min-pool-size>
                        <max-pool-size>35</max-pool-size>
                        <prefill>false</prefill>
                        <use-strict-min>true</use-strict-min>
                    </pool>
                    <security>
                        <user-name>wedorang</user-name>
                        <password>wedo#123</password>
                    </security>
                    <validation>
                        <check-valid-connection-sql>select 1</check-valid-connection-sql>
                        <validate-on-match>false</validate-on-match>
                    </validation>
                    <timeout>
                        <idle-timeout-minutes>15</idle-timeout-minutes>
                        <query-timeout>30</query-timeout>
                    </timeout>
                    <statement>
                        <prepared-statement-cache-size>20</prepared-statement-cache-size>
                        <share-prepared-statements>true</share-prepared-statements>
                    </statement>
                </datasource>
                <datasource jndi-name="java:/WEDORANGRD3" pool-name="WEDORANGRD3" enabled="true" statistics-enabled="true">
                    <connection-url>jdbc:cubrid:dt-rang-c-db02:38000:WEDORANG:::?charset=UTF-8</connection-url>
                    <driver>cubrid</driver>
                    <pool>
                        <min-pool-size>35</min-pool-size>
                        <max-pool-size>35</max-pool-size>
                        <prefill>false</prefill>
                        <use-strict-min>true</use-strict-min>
                    </pool>
                    <security>
                        <user-name>wedorang</user-name>
                        <password>wedo#123</password>
                    </security>
                    <validation>
                        <check-valid-connection-sql>select 1</check-valid-connection-sql>
                        <validate-on-match>false</validate-on-match>
                    </validation>
                    <timeout>
                        <idle-timeout-minutes>15</idle-timeout-minutes>
                        <query-timeout>30</query-timeout>
                    </timeout>
                    <statement>
                        <prepared-statement-cache-size>20</prepared-statement-cache-size>
                        <share-prepared-statements>true</share-prepared-statements>
                    </statement>
                </datasource>
                <datasource jndi-name="java:/WEDORANG4" pool-name="WEDORANG4" enabled="true" statistics-enabled="true">
                    <connection-url>jdbc:cubrid:dt-rang-d-db01:35000:WEDORANG:::?charset=UTF-8</connection-url>
                    <driver>cubrid</driver>
                    <pool>
                        <min-pool-size>35</min-pool-size>
                        <max-pool-size>35</max-pool-size>
                        <prefill>false</prefill>
                        <use-strict-min>true</use-strict-min>
                    </pool>
                    <security>
                        <user-name>wedorang</user-name>
                        <password>wedo#123</password>
                    </security>
                    <validation>
                        <check-valid-connection-sql>select 1</check-valid-connection-sql>
                        <validate-on-match>false</validate-on-match>
                    </validation>
                    <timeout>
                        <idle-timeout-minutes>15</idle-timeout-minutes>
                        <query-timeout>30</query-timeout>
                    </timeout>
                    <statement>
                        <prepared-statement-cache-size>20</prepared-statement-cache-size>
                        <share-prepared-statements>true</share-prepared-statements>
                    </statement>
                </datasource>
                <datasource jndi-name="java:/WEDORANGRD4" pool-name="WEDORANGRD4" enabled="true" statistics-enabled="true">
                    <connection-url>jdbc:cubrid:dt-rang-d-db02:38000:WEDORANG:::?charset=UTF-8</connection-url>
                    <driver>cubrid</driver>
                    <pool>
                        <min-pool-size>35</min-pool-size>
                        <max-pool-size>35</max-pool-size>
                        <prefill>false</prefill>
                        <use-strict-min>true</use-strict-min>
                    </pool>
                    <security>
                        <user-name>wedorang</user-name>
                        <password>wedo#123</password>
                    </security>
                    <validation>
                        <check-valid-connection-sql>select 1</check-valid-connection-sql>
                        <validate-on-match>false</validate-on-match>
                    </validation>
                    <timeout>
                        <idle-timeout-minutes>15</idle-timeout-minutes>
                        <query-timeout>30</query-timeout>
                    </timeout>
                    <statement>
                        <prepared-statement-cache-size>20</prepared-statement-cache-size>
                        <share-prepared-statements>true</share-prepared-statements>
                    </statement>
                </datasource>
                <datasource jndi-name="java:/WEDORANG5" pool-name="WEDORANG5" enabled="true" statistics-enabled="true">
                    <connection-url>jdbc:cubrid:dt-rang-e-db01:35000:WEDORANG:::?charset=UTF-8</connection-url>
                    <driver>cubrid</driver>
                    <pool>
                        <min-pool-size>35</min-pool-size>
                        <max-pool-size>35</max-pool-size>
                        <prefill>false</prefill>
                        <use-strict-min>true</use-strict-min>
                    </pool>
                    <security>
                        <user-name>wedorang</user-name>
                        <password>wedo#123</password>
                    </security>
                    <validation>
                        <check-valid-connection-sql>select 1</check-valid-connection-sql>
                        <validate-on-match>false</validate-on-match>
                    </validation>
                    <timeout>
                        <idle-timeout-minutes>15</idle-timeout-minutes>
                        <query-timeout>30</query-timeout>
                    </timeout>
                    <statement>
                        <prepared-statement-cache-size>20</prepared-statement-cache-size>
                        <share-prepared-statements>true</share-prepared-statements>
                    </statement>
                </datasource>
                <datasource jndi-name="java:/WEDORANGRD5" pool-name="WEDORANGRD5" enabled="true" statistics-enabled="true">
                    <connection-url>jdbc:cubrid:dt-rang-e-db02:38000:WEDORANG:::?charset=UTF-8</connection-url>
                    <driver>cubrid</driver>
                    <pool>
                        <min-pool-size>35</min-pool-size>
                        <max-pool-size>35</max-pool-size>
                        <prefill>false</prefill>
                        <use-strict-min>true</use-strict-min>
                    </pool>
                    <security>
                        <user-name>wedorang</user-name>
                        <password>wedo#123</password>
                    </security>
                    <validation>
                        <check-valid-connection-sql>select 1</check-valid-connection-sql>
                        <validate-on-match>false</validate-on-match>
                    </validation>
                    <timeout>
                        <idle-timeout-minutes>15</idle-timeout-minutes>
                        <query-timeout>30</query-timeout>
                    </timeout>
                    <statement>
                        <prepared-statement-cache-size>20</prepared-statement-cache-size>
                        <share-prepared-statements>true</share-prepared-statements>
                    </statement>
                </datasource>
			   
			   
                <drivers>
                    <driver name="cubrid" module="cubrid">
                        <driver-class>cubrid.jdbc.driver.CUBRIDDriver</driver-class>
                    </driver>
                </drivers>
            </datasources>
        </subsystem>
        <subsystem xmlns="urn:jboss:domain:deployment-scanner:1.1">
            <deployment-scanner path="deployments" relative-to="jboss.server.base.dir" scan-interval="3500"/>
        </subsystem>
        <subsystem xmlns="urn:jboss:domain:ee:1.2">
            <spec-descriptor-property-replacement>false</spec-descriptor-property-replacement>
            <jboss-descriptor-property-replacement>true</jboss-descriptor-property-replacement>
            <annotation-property-replacement>false</annotation-property-replacement>
        </subsystem>
        <subsystem xmlns="urn:jboss:domain:ejb3:1.5">
            <session-bean>
                <stateless>
                    <bean-instance-pool-ref pool-name="slsb-strict-max-pool"/>
                </stateless>
                <stateful default-access-timeout="3500" cache-ref="simple" clustered-cache-ref="clustered"/>
                <singleton default-access-timeout="3500"/>
            </session-bean>
            <pools>
                <bean-instance-pools>
                    <strict-max-pool name="slsb-strict-max-pool" max-pool-size="20" instance-acquisition-timeout="5" instance-acquisition-timeout-unit="MINUTES"/>
                    <strict-max-pool name="mdb-strict-max-pool" max-pool-size="20" instance-acquisition-timeout="5" instance-acquisition-timeout-unit="MINUTES"/>
                </bean-instance-pools>
            </pools>
            <caches>
                <cache name="simple" aliases="NoPassivationCache"/>
                <cache name="passivating" passivation-store-ref="file" aliases="SimpleStatefulCache"/>
                <cache name="clustered" passivation-store-ref="infinispan" aliases="StatefulTreeCache"/>
            </caches>
            <passivation-stores>
                <file-passivation-store name="file"/>
                <cluster-passivation-store name="infinispan" cache-container="ejb"/>
            </passivation-stores>
            <async thread-pool-name="default"/>
            <timer-service thread-pool-name="default" default-data-store="default-file-store">
                <data-stores>
                    <file-data-store name="default-file-store" path="timer-service-data" relative-to="jboss.server.data.dir"/>
                </data-stores>
            </timer-service>
            <remote connector-ref="remoting-connector" thread-pool-name="default"/>
            <thread-pools>
                <thread-pool name="default">
                    <max-threads count="10"/>
                    <keepalive-time time="100" unit="milliseconds"/>
                </thread-pool>
            </thread-pools>
            <default-security-domain value="other"/>
            <default-missing-method-permissions-deny-access value="true"/>
        </subsystem>
        <subsystem xmlns="urn:jboss:domain:infinispan:1.5">
            <cache-container name="singleton" aliases="cluster ha-partition" default-cache="default">
                <transport lock-timeout="60000"/>
                <replicated-cache name="default" mode="SYNC" batching="true">
                    <locking isolation="REPEATABLE_READ"/>
                </replicated-cache>
            </cache-container>
            <cache-container name="web" aliases="standard-session-cache" default-cache="repl" module="org.jboss.as.clustering.web.infinispan">
                <transport lock-timeout="60000"/>
                <replicated-cache name="repl" mode="ASYNC" batching="true">
                    <file-store/>
                </replicated-cache>
                <replicated-cache name="sso" mode="SYNC" batching="true"/>
                <distributed-cache name="dist" l1-lifespan="0" mode="ASYNC" batching="true">
                    <file-store/>
                </distributed-cache>
            </cache-container>
            <cache-container name="ejb" aliases="sfsb sfsb-cache" default-cache="repl" module="org.jboss.as.clustering.ejb3.infinispan">
                <transport lock-timeout="60000"/>
                <replicated-cache name="repl" mode="ASYNC" batching="true">
                    <eviction strategy="LRU" max-entries="10000"/>
                    <file-store/>
                </replicated-cache>
                <replicated-cache name="remote-connector-client-mappings" mode="SYNC" batching="true"/>
                <distributed-cache name="dist" l1-lifespan="0" mode="ASYNC" batching="true">
                    <eviction strategy="LRU" max-entries="10000"/>
                    <file-store/>
                </distributed-cache>
            </cache-container>
            <cache-container name="hibernate" default-cache="local-query" module="org.jboss.as.jpa.hibernate:4">
                <transport lock-timeout="60000"/>
                <local-cache name="local-query">
                    <transaction mode="NONE"/>
                    <eviction strategy="LRU" max-entries="10000"/>
                    <expiration max-idle="100000"/>
                </local-cache>
                <invalidation-cache name="entity" mode="SYNC">
                    <transaction mode="NON_XA"/>
                    <eviction strategy="LRU" max-entries="10000"/>
                    <expiration max-idle="100000"/>
                </invalidation-cache>
                <replicated-cache name="timestamps" mode="ASYNC">
                    <transaction mode="NONE"/>
                    <eviction strategy="NONE"/>
                </replicated-cache>
            </cache-container>
        </subsystem>
        <subsystem xmlns="urn:jboss:domain:jaxrs:1.0"/>
        <subsystem xmlns="urn:jboss:domain:jca:1.1">
            <archive-validation enabled="true" fail-on-error="true" fail-on-warn="false"/>
            <bean-validation enabled="true"/>
            <default-workmanager>
                <short-running-threads>
                    <core-threads count="35"/>
                    <queue-length count="35"/>
                    <max-threads count="35"/>
                    <keepalive-time time="10" unit="seconds"/>
                </short-running-threads>
                <long-running-threads>
                    <core-threads count="35"/>
                    <queue-length count="35"/>
                    <max-threads count="35"/>
                    <keepalive-time time="10" unit="seconds"/>
                </long-running-threads>
            </default-workmanager>
            <cached-connection-manager/>
        </subsystem>
        <subsystem xmlns="urn:jboss:domain:jdr:1.0"/>
        <subsystem xmlns="urn:jboss:domain:jgroups:1.1" default-stack="tcp">
            <stack name="udp">
                <transport type="UDP" socket-binding="jgroups-udp"/>
                <protocol type="PING"/>
                <protocol type="MERGE3"/>
                <protocol type="FD_SOCK" socket-binding="jgroups-udp-fd"/>
                <protocol type="FD"/>
                <protocol type="VERIFY_SUSPECT"/>
                <protocol type="pbcast.NAKACK"/>
                <protocol type="UNICAST2"/>
                <protocol type="pbcast.STABLE"/>
                <protocol type="pbcast.GMS"/>
                <protocol type="UFC"/>
                <protocol type="MFC"/>
                <protocol type="FRAG2"/>
                <protocol type="RSVP"/>
            </stack>


<!--
            <stack name="tcp">
                <transport type="TCP" socket-binding="jgroups-tcp"/>
                <protocol type="MPING" socket-binding="jgroups-mping"/>
                <protocol type="MERGE2"/>
                <protocol type="FD_SOCK" socket-binding="jgroups-tcp-fd"/>
                <protocol type="FD"/>
                <protocol type="VERIFY_SUSPECT"/>
                <protocol type="pbcast.NAKACK"/>
                <protocol type="UNICAST2"/>
                <protocol type="pbcast.STABLE"/>
                <protocol type="pbcast.GMS"/>
                <protocol type="UFC"/>
                <protocol type="MFC"/>
                <protocol type="FRAG2"/>
                <protocol type="RSVP"/>
            </stack>

-->


            <stack name="tcp">
                <transport type="TCP" socket-binding="jgroups-tcp"/>
                <protocol type="TCPPING">
                    <property name="initial_hosts">
                        10.39.156.245[7700],10.39.170.137[7700],10.39.197.172[7700],10.39.198.178[7700],10.39.201.95[7700],10.39.155.197[7600],10.39.156.57[7700],10.39.170.79[7700],10.39.196.167[7700],10.39.199.75[7700]
                    </property>
                    <property name="port_range">
                        0
                    </property>
                    <property name="timeout">
                        3000
                    </property>
                    <property name="num_initial_members">
                        11
                    </property>
                </protocol>
                <protocol type="MERGE2"/>
                <protocol type="FD_SOCK" socket-binding="jgroups-tcp-fd"/>
                <protocol type="FD"/>
                <protocol type="VERIFY_SUSPECT"/>
                <protocol type="BARRIER"/>
                <protocol type="pbcast.NAKACK"/>
                <protocol type="UNICAST2"/>
                <protocol type="pbcast.STABLE"/>
                <protocol type="pbcast.GMS"/>
                <protocol type="UFC"/>
                <protocol type="MFC"/>
                <protocol type="FRAG2"/>
                <protocol type="RSVP"/>
            </stack>

        </subsystem>
        <subsystem xmlns="urn:jboss:domain:jmx:1.3">
            <expose-resolved-model/>
            <expose-expression-model/>
            <remoting-connector/>
        </subsystem>
        <subsystem xmlns="urn:jboss:domain:jpa:1.1">
            <jpa default-datasource="" default-extended-persistence-inheritance="DEEP"/>
        </subsystem>
        <subsystem xmlns="urn:jboss:domain:jsf:1.0"/>
        <subsystem xmlns="urn:jboss:domain:mail:1.2">
            <mail-session name="default" jndi-name="java:jboss/mail/Default">
                <smtp-server outbound-socket-binding-ref="mail-smtp"/>
            </mail-session>
        </subsystem>
        <subsystem xmlns="urn:jboss:domain:naming:1.4">
            <remote-naming/>
        </subsystem>
        <subsystem xmlns="urn:jboss:domain:pojo:1.0"/>
        <subsystem xmlns="urn:jboss:domain:remoting:1.2">
            <connector name="remoting-connector" socket-binding="remoting" security-realm="ApplicationRealm"/>
        </subsystem>
        <subsystem xmlns="urn:jboss:domain:resource-adapters:1.1"/>
        <subsystem xmlns="urn:jboss:domain:sar:1.0"/>
        <subsystem xmlns="urn:jboss:domain:security:1.2">
            <security-domains>
                <security-domain name="other" cache-type="default">
                    <authentication>
                        <login-module code="Remoting" flag="optional">
                            <module-option name="password-stacking" value="useFirstPass"/>
                        </login-module>
                        <login-module code="RealmDirect" flag="required">
                            <module-option name="password-stacking" value="useFirstPass"/>
                        </login-module>
                    </authentication>
                </security-domain>
                <security-domain name="jboss-web-policy" cache-type="default">
                    <authorization>
                        <policy-module code="Delegating" flag="required"/>
                    </authorization>
                </security-domain>
                <security-domain name="jboss-ejb-policy" cache-type="default">
                    <authorization>
                        <policy-module code="Delegating" flag="required"/>
                    </authorization>
                </security-domain>
            </security-domains>
        </subsystem>
        <subsystem xmlns="urn:jboss:domain:threads:1.1">
            <unbounded-queue-thread-pool name="ajp-thread-pool">
                <max-threads count="512"/>
                <keepalive-time time="60" unit="seconds"/>
            </unbounded-queue-thread-pool>
        </subsystem>
        <subsystem xmlns="urn:jboss:domain:transactions:1.5">
            <core-environment>
                <process-id>
                    <uuid/>
                </process-id>
            </core-environment>
            <recovery-environment socket-binding="txn-recovery-environment" status-socket-binding="txn-status-manager"/>
            <coordinator-environment default-timeout="300"/>
        </subsystem>
        <subsystem xmlns="urn:jboss:domain:web:2.2" default-virtual-server="default-host" instance-id="${jboss.node.name}" native="true">
            <configuration>
                <jsp-configuration development="true" check-interval="120" x-powered-by="false"/>
            </configuration>
            <connector name="http" protocol="HTTP/1.1" scheme="http" socket-binding="http"/>
            <connector name="ajp" protocol="AJP/1.3" scheme="http" socket-binding="ajp" executor="ajp-thread-pool"/>
            <virtual-server name="default-host" enable-welcome-root="false">
                <alias name="localhost"/>
                <alias name="example.com"/>
                <access-log pattern="%a %t %H %p %U %s %S %T" prefix="jboss_access_log.">
                    <directory path="."/>
                </access-log>
            </virtual-server>
        </subsystem>
        <subsystem xmlns="urn:jboss:domain:webservices:1.2">
            <modify-wsdl-address>true</modify-wsdl-address>
            <wsdl-host>${jboss.bind.address:127.0.0.1}</wsdl-host>
            <endpoint-config name="Standard-Endpoint-Config"/>
            <endpoint-config name="Recording-Endpoint-Config">
                <pre-handler-chain name="recording-handlers" protocol-bindings="##SOAP11_HTTP ##SOAP11_HTTP_MTOM ##SOAP12_HTTP ##SOAP12_HTTP_MTOM">
                    <handler name="RecordingHandler" class="org.jboss.ws.common.invocation.RecordingServerHandler"/>
                </pre-handler-chain>
            </endpoint-config>
            <client-config name="Standard-Client-Config"/>
        </subsystem>
        <subsystem xmlns="urn:jboss:domain:weld:1.0"/>
    </profile>

    <interfaces>
        <interface name="management">
            <inet-address value="${jboss.bind.address.management:127.0.0.1}"/>
        </interface>
        <interface name="public">
            <inet-address value="${jboss.bind.address:127.0.0.1}"/>
        </interface>
        <interface name="unsecure">
            <inet-address value="${jboss.bind.address.unsecure:127.0.0.1}"/>
        </interface>
    </interfaces>

    <socket-binding-group name="standard-sockets" default-interface="public" port-offset="${jboss.socket.binding.port-offset:0}">
        <socket-binding name="management-native" interface="management" port="${jboss.management.native.port:9999}"/>
        <socket-binding name="management-http" interface="management" port="${jboss.management.http.port:9990}"/>
        <socket-binding name="management-https" interface="management" port="${jboss.management.https.port:9443}"/>
        <socket-binding name="ajp" port="8009"/>
        <socket-binding name="http" port="8080"/>
        <socket-binding name="https" port="8443"/>
        <socket-binding name="jgroups-mping" port="0" multicast-address="${jboss.default.multicast.address:230.0.0.4}" multicast-port="45700"/>
        <socket-binding name="jgroups-tcp" port="7600"/>
        <socket-binding name="jgroups-tcp-fd" port="57600"/>
        <socket-binding name="jgroups-udp" port="55200" multicast-address="${jboss.default.multicast.address:230.0.0.4}" multicast-port="45688"/>
        <socket-binding name="jgroups-udp-fd" port="54200"/>
        <socket-binding name="modcluster" port="0" multicast-address="224.0.1.105" multicast-port="23364"/>
        <socket-binding name="remoting" port="4447"/>
        <socket-binding name="txn-recovery-environment" port="4712"/>
        <socket-binding name="txn-status-manager" port="4713"/>
        <outbound-socket-binding name="mail-smtp">
            <remote-destination host="localhost" port="25"/>
        </outbound-socket-binding>
    </socket-binding-group>

    <deployments>
        <deployment name="wedorang2018" runtime-name="wedorang2018.war">
            <fs-exploded path="/app/dtwas/deploy/wedorang2018"/>
        </deployment>
    </deployments>
</server>
